{"accuracy": [0.15000000596046448, 0.1666666716337204, 0.21666666865348816, 0.21666666865348816, 0.2666666805744171, 0.30000001192092896, 0.36666667461395264, 0.3166666626930237, 0.36666667461395264, 0.3166666626930237, 0.38333332538604736, 0.44999998807907104, 0.4000000059604645, 0.38333332538604736, 0.44999998807907104, 0.44999998807907104, 0.4333333373069763, 0.4333333373069763, 0.4333333373069763, 0.5666666626930237, 0.5166666507720947, 0.44999998807907104, 0.4833333194255829, 0.46666666865348816, 0.5333333611488342, 0.5666666626930237, 0.5166666507720947, 0.5, 0.5833333134651184, 0.5833333134651184, 0.550000011920929, 0.5333333611488342, 0.5833333134651184, 0.6166666746139526, 0.5666666626930237, 0.6000000238418579, 0.6833333373069763, 0.6166666746139526, 0.6166666746139526, 0.6166666746139526, 0.6166666746139526, 0.6166666746139526, 0.6333333253860474, 0.6499999761581421, 0.6000000238418579, 0.6333333253860474, 0.6333333253860474, 0.6666666865348816, 0.699999988079071, 0.7166666388511658], "loss": [1.8625966310501099, 1.8005067110061646, 1.7480437755584717, 1.6835836172103882, 1.669921875, 1.634491205215454, 1.589478611946106, 1.5710899829864502, 1.5103943347930908, 1.4958665370941162, 1.4726426601409912, 1.4336713552474976, 1.4117381572723389, 1.416286587715149, 1.3758690357208252, 1.344919204711914, 1.3336985111236572, 1.3181567192077637, 1.290224552154541, 1.2707821130752563, 1.254185438156128, 1.2491168975830078, 1.2377281188964844, 1.2184957265853882, 1.1780375242233276, 1.1598436832427979, 1.1365514993667603, 1.1392124891281128, 1.1197667121887207, 1.0984230041503906, 1.0830702781677246, 1.0782719850540161, 1.0415701866149902, 1.0240229368209839, 1.0271748304367065, 1.0018562078475952, 0.9790878295898438, 0.9702586531639099, 0.9752056002616882, 0.9439698457717896, 0.9553258419036865, 0.924392819404602, 0.9175552129745483, 0.9079925417900085, 0.8962249159812927, 0.8765079379081726, 0.8692363500595093, 0.8472874760627747, 0.8161662817001343, 0.8001566529273987], "val_accuracy": [0.17499999701976776, 0.10000000149011612, 0.15000000596046448, 0.15000000596046448, 0.15000000596046448, 0.15000000596046448, 0.10000000149011612, 0.10000000149011612, 0.17499999701976776, 0.20000000298023224, 0.20000000298023224, 0.17499999701976776, 0.20000000298023224, 0.15000000596046448, 0.125, 0.15000000596046448, 0.10000000149011612, 0.125, 0.125, 0.125, 0.15000000596046448, 0.15000000596046448, 0.17499999701976776, 0.125, 0.15000000596046448, 0.17499999701976776, 0.20000000298023224, 0.20000000298023224, 0.17499999701976776, 0.20000000298023224, 0.17499999701976776, 0.17499999701976776, 0.15000000596046448, 0.22499999403953552, 0.22499999403953552, 0.15000000596046448, 0.22499999403953552, 0.20000000298023224, 0.22499999403953552, 0.22499999403953552, 0.32499998807907104, 0.30000001192092896, 0.30000001192092896, 0.2750000059604645, 0.2750000059604645, 0.25, 0.22499999403953552, 0.2750000059604645, 0.2750000059604645, 0.2750000059604645], "val_loss": [1.8578197956085205, 1.8509639501571655, 1.8099473714828491, 1.7858078479766846, 1.7785847187042236, 1.7784839868545532, 1.7982155084609985, 1.8062982559204102, 1.8070491552352905, 1.8072969913482666, 1.8043041229248047, 1.79494309425354, 1.7822246551513672, 1.7803466320037842, 1.794773817062378, 1.8270009756088257, 1.8436079025268555, 1.8475275039672852, 1.8343051671981812, 1.8002595901489258, 1.7921241521835327, 1.7847044467926025, 1.794660210609436, 1.8081398010253906, 1.8016294240951538, 1.8205760717391968, 1.8183526992797852, 1.823643684387207, 1.8336172103881836, 1.8144428730010986, 1.840557336807251, 1.8655006885528564, 1.8656889200210571, 1.8745683431625366, 1.8519388437271118, 1.8640639781951904, 1.866478681564331, 1.8813188076019287, 1.9047731161117554, 1.9242677688598633, 1.9479554891586304, 1.930326223373413, 1.9118951559066772, 1.935530662536621, 2.01300048828125, 2.0233747959136963, 1.9904855489730835, 1.9657548666000366, 2.0472893714904785, 2.079456090927124], "epoch": [0, 1, 2, 3, 4, 5, 6, 7, 8, 9, 10, 11, 12, 13, 14, 15, 16, 17, 18, 19, 20, 21, 22, 23, 24, 25, 26, 27, 28, 29, 30, 31, 32, 33, 34, 35, 36, 37, 38, 39, 40, 41, 42, 43, 44, 45, 46, 47, 48, 49]}