{"accuracy": [0.15000000596046448, 0.1666666716337204, 0.20000000298023224, 0.3499999940395355, 0.36666667461395264, 0.3499999940395355, 0.3333333432674408, 0.5166666507720947, 0.5, 0.5166666507720947, 0.6166666746139526, 0.6333333253860474, 0.5833333134651184, 0.75, 0.7333333492279053, 0.7333333492279053, 0.7833333611488342, 0.800000011920929, 0.8500000238418579, 0.8500000238418579, 0.8333333134651184, 0.8333333134651184, 0.8666666746139526, 0.8666666746139526, 0.8666666746139526, 0.8833333253860474, 0.8833333253860474, 0.8833333253860474, 0.8999999761581421, 0.8999999761581421, 0.8999999761581421, 0.9166666865348816, 0.9333333373069763, 0.9333333373069763, 0.9333333373069763, 0.9333333373069763, 0.9333333373069763, 0.9333333373069763, 0.9333333373069763, 0.9333333373069763, 0.9333333373069763, 0.9333333373069763, 0.9333333373069763, 0.9333333373069763, 0.9333333373069763, 0.9333333373069763, 0.9333333373069763, 0.9333333373069763, 0.949999988079071, 0.9333333373069763], "loss": [2.9206111431121826, 3.0042154788970947, 2.897408962249756, 2.6596100330352783, 1.7436155080795288, 1.96912682056427, 1.7412813901901245, 1.0606129169464111, 1.2971923351287842, 1.2782341241836548, 0.92221999168396, 0.9973052740097046, 0.9865566492080688, 0.7555255889892578, 0.7897454500198364, 0.7528955936431885, 0.6985505223274231, 0.6597213745117188, 0.6205064058303833, 0.5984107851982117, 0.5812416076660156, 0.5280877351760864, 0.5144717693328857, 0.5053061842918396, 0.48023882508277893, 0.44943132996559143, 0.44322893023490906, 0.42791637778282166, 0.4084586799144745, 0.39178788661956787, 0.38330039381980896, 0.3694428503513336, 0.35429954528808594, 0.34209975600242615, 0.3305433988571167, 0.3190326690673828, 0.31020399928092957, 0.3013956844806671, 0.29162514209747314, 0.28412437438964844, 0.27633190155029297, 0.2669106125831604, 0.2600238621234894, 0.25320667028427124, 0.24678950011730194, 0.24037624895572662, 0.23527036607265472, 0.22943422198295593, 0.22376324236392975, 0.2201135754585266], "val_accuracy": [0.125, 0.125, 0.2750000059604645, 0.30000001192092896, 0.2750000059604645, 0.20000000298023224, 0.30000001192092896, 0.22499999403953552, 0.30000001192092896, 0.32499998807907104, 0.30000001192092896, 0.25, 0.2750000059604645, 0.25, 0.30000001192092896, 0.3499999940395355, 0.32499998807907104, 0.32499998807907104, 0.3499999940395355, 0.30000001192092896, 0.32499998807907104, 0.375, 0.375, 0.4000000059604645, 0.375, 0.3499999940395355, 0.3499999940395355, 0.3499999940395355, 0.375, 0.375, 0.375, 0.3499999940395355, 0.32499998807907104, 0.32499998807907104, 0.3499999940395355, 0.375, 0.375, 0.32499998807907104, 0.32499998807907104, 0.32499998807907104, 0.32499998807907104, 0.30000001192092896, 0.30000001192092896, 0.30000001192092896, 0.2750000059604645, 0.30000001192092896, 0.25, 0.2750000059604645, 0.2750000059604645, 0.25], "val_loss": [4.577873229980469, 3.9851391315460205, 3.5104575157165527, 2.673013210296631, 3.07846999168396, 3.5178799629211426, 2.5766987800598145, 2.207505226135254, 2.4232401847839355, 2.0876259803771973, 2.326627731323242, 2.5870957374572754, 2.181758165359497, 2.118746757507324, 2.0869789123535156, 2.025167465209961, 2.1340203285217285, 2.1851415634155273, 2.1607882976531982, 2.205231189727783, 2.156205654144287, 2.1268703937530518, 2.1163930892944336, 2.1337192058563232, 2.1934454441070557, 2.2746903896331787, 2.3319931030273438, 2.3208909034729004, 2.265733242034912, 2.2327849864959717, 2.2400898933410645, 2.2859842777252197, 2.356166362762451, 2.3980422019958496, 2.425783634185791, 2.441178798675537, 2.457289218902588, 2.4741554260253906, 2.4709243774414062, 2.4965271949768066, 2.4962010383605957, 2.518462657928467, 2.545592784881592, 2.5727410316467285, 2.602395534515381, 2.6253280639648438, 2.646620512008667, 2.662217617034912, 2.684018611907959, 2.700000047683716], "epoch": [0, 1, 2, 3, 4, 5, 6, 7, 8, 9, 10, 11, 12, 13, 14, 15, 16, 17, 18, 19, 20, 21, 22, 23, 24, 25, 26, 27, 28, 29, 30, 31, 32, 33, 34, 35, 36, 37, 38, 39, 40, 41, 42, 43, 44, 45, 46, 47, 48, 49]}