{"accuracy": [0.13333334028720856, 0.10000000149011612, 0.1666666716337204, 0.25, 0.21666666865348816, 0.2666666805744171, 0.36666667461395264, 0.3499999940395355, 0.5166666507720947, 0.44999998807907104, 0.550000011920929, 0.5333333611488342, 0.5, 0.4833333194255829, 0.6333333253860474, 0.5833333134651184, 0.6499999761581421, 0.7166666388511658, 0.6666666865348816, 0.7166666388511658, 0.75, 0.75, 0.7166666388511658, 0.75, 0.7333333492279053, 0.7833333611488342, 0.8166666626930237, 0.800000011920929, 0.800000011920929, 0.800000011920929, 0.8166666626930237, 0.8333333134651184, 0.8166666626930237, 0.7833333611488342, 0.8333333134651184, 0.8666666746139526, 0.8833333253860474, 0.8500000238418579, 0.8333333134651184, 0.8333333134651184, 0.8833333253860474, 0.8833333253860474, 0.8999999761581421, 0.8999999761581421, 0.8999999761581421, 0.9166666865348816, 0.9166666865348816, 0.9166666865348816, 0.8999999761581421, 0.9166666865348816], "loss": [2.6147358417510986, 3.2444751262664795, 3.5051615238189697, 2.679245710372925, 2.172523021697998, 2.069084882736206, 2.107795000076294, 1.5865720510482788, 1.3333951234817505, 1.6113942861557007, 1.3485667705535889, 1.1709659099578857, 1.1940515041351318, 1.1555747985839844, 1.0398368835449219, 1.0682998895645142, 0.9849370121955872, 0.9262606501579285, 0.9254053831100464, 0.8794187307357788, 0.8357247114181519, 0.8369532823562622, 0.8044667840003967, 0.7647852301597595, 0.7899052500724792, 0.7164888978004456, 0.7008609771728516, 0.7064804434776306, 0.6783676147460938, 0.6559219360351562, 0.637021005153656, 0.62204909324646, 0.6101526021957397, 0.5948704481124878, 0.5705350041389465, 0.5648868083953857, 0.5471681952476501, 0.5365984439849854, 0.5189203023910522, 0.5054894685745239, 0.48471033573150635, 0.4693370461463928, 0.4552246034145355, 0.4383707046508789, 0.42511752247810364, 0.41465431451797485, 0.41349610686302185, 0.39740005135536194, 0.3909752666950226, 0.3768332898616791], "val_accuracy": [0.20000000298023224, 0.25, 0.15000000596046448, 0.20000000298023224, 0.30000001192092896, 0.30000001192092896, 0.32499998807907104, 0.375, 0.2750000059604645, 0.32499998807907104, 0.3499999940395355, 0.375, 0.3499999940395355, 0.4000000059604645, 0.4000000059604645, 0.375, 0.3499999940395355, 0.44999998807907104, 0.4000000059604645, 0.42500001192092896, 0.3499999940395355, 0.375, 0.4000000059604645, 0.42500001192092896, 0.4000000059604645, 0.42500001192092896, 0.3499999940395355, 0.375, 0.375, 0.42500001192092896, 0.44999998807907104, 0.4000000059604645, 0.4000000059604645, 0.4000000059604645, 0.42500001192092896, 0.4000000059604645, 0.42500001192092896, 0.375, 0.375, 0.4000000059604645, 0.42500001192092896, 0.42500001192092896, 0.42500001192092896, 0.42500001192092896, 0.44999998807907104, 0.44999998807907104, 0.42500001192092896, 0.4000000059604645, 0.4000000059604645, 0.4000000059604645], "val_loss": [2.9103097915649414, 3.095510959625244, 3.006833791732788, 2.500624895095825, 2.1653947830200195, 2.3464717864990234, 1.8626130819320679, 1.651024580001831, 2.2228941917419434, 1.979142427444458, 1.737267255783081, 1.652783989906311, 1.679090142250061, 1.638079047203064, 1.8321962356567383, 1.8114945888519287, 1.6786584854125977, 1.652682900428772, 1.67031729221344, 1.700613260269165, 1.804619550704956, 1.7825887203216553, 1.6670820713043213, 1.6375728845596313, 1.6514135599136353, 1.708661675453186, 1.8188550472259521, 1.8097360134124756, 1.7697288990020752, 1.7063076496124268, 1.7351186275482178, 1.7693769931793213, 1.819087266921997, 1.8231947422027588, 1.771966576576233, 1.8043062686920166, 1.8120958805084229, 1.8212909698486328, 1.8273407220840454, 1.8415790796279907, 1.8500629663467407, 1.8484138250350952, 1.8694696426391602, 1.8738009929656982, 1.8976109027862549, 1.9241952896118164, 1.923478364944458, 1.9528372287750244, 1.949257254600525, 1.9364120960235596], "epoch": [0, 1, 2, 3, 4, 5, 6, 7, 8, 9, 10, 11, 12, 13, 14, 15, 16, 17, 18, 19, 20, 21, 22, 23, 24, 25, 26, 27, 28, 29, 30, 31, 32, 33, 34, 35, 36, 37, 38, 39, 40, 41, 42, 43, 44, 45, 46, 47, 48, 49]}