{"accuracy": [0.13333334028720856, 0.23333333432674408, 0.21666666865348816, 0.21666666865348816, 0.21666666865348816, 0.21666666865348816, 0.21666666865348816, 0.21666666865348816, 0.21666666865348816, 0.21666666865348816, 0.21666666865348816, 0.21666666865348816, 0.25, 0.23333333432674408, 0.38333332538604736, 0.3333333432674408, 0.4000000059604645, 0.4166666567325592, 0.36666667461395264, 0.46666666865348816, 0.36666667461395264, 0.4833333194255829, 0.44999998807907104, 0.4166666567325592, 0.46666666865348816, 0.46666666865348816, 0.46666666865348816, 0.550000011920929, 0.6333333253860474, 0.699999988079071, 0.6499999761581421, 0.550000011920929, 0.6166666746139526, 0.6333333253860474, 0.6333333253860474, 0.699999988079071, 0.7333333492279053, 0.6499999761581421, 0.6499999761581421, 0.699999988079071, 0.7333333492279053, 0.699999988079071, 0.7333333492279053, 0.7166666388511658, 0.7666666507720947, 0.75, 0.7833333611488342, 0.7333333492279053, 0.7666666507720947, 0.7333333492279053], "loss": [1.7975093126296997, 1.7905100584030151, 1.782047986984253, 1.7808841466903687, 1.7748534679412842, 1.7710647583007812, 1.7697707414627075, 1.761046290397644, 1.7588783502578735, 1.755456805229187, 1.7518154382705688, 1.7420674562454224, 1.7418700456619263, 1.7337332963943481, 1.7295091152191162, 1.7261998653411865, 1.7102254629135132, 1.7019386291503906, 1.6961133480072021, 1.6823595762252808, 1.6812824010849, 1.652838945388794, 1.6448146104812622, 1.6256401538848877, 1.6072354316711426, 1.5677998065948486, 1.5606818199157715, 1.5276769399642944, 1.493207573890686, 1.462467908859253, 1.4398796558380127, 1.4118107557296753, 1.3441330194473267, 1.3365241289138794, 1.3049468994140625, 1.2453687191009521, 1.1975629329681396, 1.1788947582244873, 1.148755669593811, 1.1051305532455444, 1.0937507152557373, 1.0651955604553223, 0.9977495670318604, 0.9787359833717346, 0.933276355266571, 0.9072262644767761, 0.8565074801445007, 0.8656218647956848, 0.8257383704185486, 0.8165002465248108], "val_accuracy": [0.15000000596046448, 0.15000000596046448, 0.15000000596046448, 0.15000000596046448, 0.15000000596046448, 0.15000000596046448, 0.15000000596046448, 0.15000000596046448, 0.15000000596046448, 0.15000000596046448, 0.15000000596046448, 0.15000000596046448, 0.17499999701976776, 0.32499998807907104, 0.30000001192092896, 0.30000001192092896, 0.30000001192092896, 0.30000001192092896, 0.30000001192092896, 0.30000001192092896, 0.22499999403953552, 0.30000001192092896, 0.32499998807907104, 0.2750000059604645, 0.32499998807907104, 0.32499998807907104, 0.32499998807907104, 0.3499999940395355, 0.375, 0.30000001192092896, 0.30000001192092896, 0.32499998807907104, 0.3499999940395355, 0.30000001192092896, 0.2750000059604645, 0.30000001192092896, 0.32499998807907104, 0.32499998807907104, 0.32499998807907104, 0.2750000059604645, 0.3499999940395355, 0.32499998807907104, 0.32499998807907104, 0.32499998807907104, 0.25, 0.30000001192092896, 0.3499999940395355, 0.2750000059604645, 0.30000001192092896, 0.2750000059604645], "val_loss": [1.792511224746704, 1.7945239543914795, 1.7949292659759521, 1.7971111536026, 1.8006134033203125, 1.8089139461517334, 1.8198845386505127, 1.8265453577041626, 1.832634687423706, 1.8324228525161743, 1.8345048427581787, 1.8344730138778687, 1.8268619775772095, 1.8161048889160156, 1.8094637393951416, 1.8037936687469482, 1.8016383647918701, 1.793789267539978, 1.7933117151260376, 1.7856544256210327, 1.7799091339111328, 1.7735984325408936, 1.7628759145736694, 1.7588908672332764, 1.752831220626831, 1.7397186756134033, 1.7303138971328735, 1.7130157947540283, 1.6947044134140015, 1.6959978342056274, 1.6951236724853516, 1.6963199377059937, 1.6810566186904907, 1.6525665521621704, 1.6369998455047607, 1.6391531229019165, 1.6640809774398804, 1.6916778087615967, 1.6790387630462646, 1.6608610153198242, 1.6286547183990479, 1.628148078918457, 1.6797653436660767, 1.7196407318115234, 1.7255901098251343, 1.7369015216827393, 1.7141482830047607, 1.701690912246704, 1.7649322748184204, 1.830177664756775], "epoch": [0, 1, 2, 3, 4, 5, 6, 7, 8, 9, 10, 11, 12, 13, 14, 15, 16, 17, 18, 19, 20, 21, 22, 23, 24, 25, 26, 27, 28, 29, 30, 31, 32, 33, 34, 35, 36, 37, 38, 39, 40, 41, 42, 43, 44, 45, 46, 47, 48, 49]}