{"accuracy": [0.1666666716337204, 0.30000001192092896, 0.20000000298023224, 0.20000000298023224, 0.3499999940395355, 0.38333332538604736, 0.3166666626930237, 0.4833333194255829, 0.44999998807907104, 0.5166666507720947, 0.5166666507720947, 0.5166666507720947, 0.550000011920929, 0.550000011920929, 0.6000000238418579, 0.550000011920929, 0.5666666626930237, 0.5833333134651184, 0.6000000238418579, 0.6833333373069763, 0.6833333373069763, 0.699999988079071, 0.7166666388511658, 0.6666666865348816, 0.7166666388511658, 0.6833333373069763, 0.7333333492279053, 0.7666666507720947, 0.7333333492279053, 0.75, 0.7333333492279053, 0.7833333611488342, 0.800000011920929, 0.75, 0.7666666507720947, 0.7833333611488342, 0.8166666626930237, 0.8333333134651184, 0.8166666626930237, 0.8333333134651184, 0.8833333253860474, 0.8833333253860474, 0.8833333253860474, 0.8500000238418579, 0.8999999761581421, 0.9166666865348816, 0.9166666865348816, 0.9166666865348816, 0.8999999761581421, 0.9333333373069763], "loss": [2.150862216949463, 1.69755220413208, 1.8341737985610962, 1.7090508937835693, 1.5552337169647217, 1.5449179410934448, 1.5312788486480713, 1.4433411359786987, 1.3951003551483154, 1.354925274848938, 1.3244216442108154, 1.28727388381958, 1.2132230997085571, 1.1935582160949707, 1.1669105291366577, 1.1127146482467651, 1.0875307321548462, 1.0721352100372314, 1.0314258337020874, 0.9924983978271484, 0.966581404209137, 0.9362604022026062, 0.9083694219589233, 0.8836878538131714, 0.857463002204895, 0.8241225481033325, 0.807300329208374, 0.767184853553772, 0.7502371668815613, 0.7297289371490479, 0.718933641910553, 0.6850281953811646, 0.6434786319732666, 0.6406345367431641, 0.606130063533783, 0.5631071925163269, 0.5545562505722046, 0.5347943902015686, 0.5089083313941956, 0.5021766424179077, 0.46715864539146423, 0.46913281083106995, 0.4356100261211395, 0.428525447845459, 0.4003793001174927, 0.4050324261188507, 0.3933729827404022, 0.38918325304985046, 0.36268723011016846, 0.3472879230976105], "val_accuracy": [0.17499999701976776, 0.10000000149011612, 0.10000000149011612, 0.2750000059604645, 0.20000000298023224, 0.22499999403953552, 0.22499999403953552, 0.25, 0.25, 0.2750000059604645, 0.25, 0.2750000059604645, 0.30000001192092896, 0.30000001192092896, 0.2750000059604645, 0.2750000059604645, 0.2750000059604645, 0.25, 0.25, 0.32499998807907104, 0.30000001192092896, 0.2750000059604645, 0.25, 0.2750000059604645, 0.32499998807907104, 0.30000001192092896, 0.32499998807907104, 0.3499999940395355, 0.30000001192092896, 0.32499998807907104, 0.30000001192092896, 0.2750000059604645, 0.3499999940395355, 0.3499999940395355, 0.32499998807907104, 0.2750000059604645, 0.32499998807907104, 0.30000001192092896, 0.32499998807907104, 0.32499998807907104, 0.32499998807907104, 0.32499998807907104, 0.4000000059604645, 0.32499998807907104, 0.32499998807907104, 0.32499998807907104, 0.375, 0.3499999940395355, 0.3499999940395355, 0.32499998807907104], "val_loss": [1.857583999633789, 1.9714596271514893, 2.016669273376465, 1.7786085605621338, 1.747546911239624, 1.78729248046875, 1.8117034435272217, 1.8394283056259155, 1.9190828800201416, 1.9481618404388428, 1.9038398265838623, 1.8173240423202515, 1.8305747509002686, 1.8611781597137451, 1.909724473953247, 1.9909191131591797, 2.039257287979126, 2.0236010551452637, 1.9670337438583374, 1.9728902578353882, 1.9567813873291016, 1.9888797998428345, 2.1007614135742188, 2.136730670928955, 2.123674154281616, 2.0822343826293945, 2.0599007606506348, 2.0940628051757812, 2.173705577850342, 2.1955513954162598, 2.206853151321411, 2.1794610023498535, 2.168391704559326, 2.199765682220459, 2.210465908050537, 2.2336556911468506, 2.242119073867798, 2.2566826343536377, 2.302305221557617, 2.3268332481384277, 2.345254898071289, 2.2805259227752686, 2.288214921951294, 2.4043631553649902, 2.4331977367401123, 2.3940186500549316, 2.304743528366089, 2.3216617107391357, 2.505736827850342, 2.624907970428467], "epoch": [0, 1, 2, 3, 4, 5, 6, 7, 8, 9, 10, 11, 12, 13, 14, 15, 16, 17, 18, 19, 20, 21, 22, 23, 24, 25, 26, 27, 28, 29, 30, 31, 32, 33, 34, 35, 36, 37, 38, 39, 40, 41, 42, 43, 44, 45, 46, 47, 48, 49]}